DamSire,Horses,AvgTotal,DamSireScore,Line
Bey Shah,4,111.79166666666666,111.5,Domestic
Gazal Al Shaqab,6,111.37222222222222,107.6,Polish
Marwan Al Shaqab,2,111.05000000000001,107.2,Crabbet-influenced
Magnum Psyche,4,110.25,106.5,Crabbet-influenced
Versace,6,109.79444444444444,106.3,Egyptian-influenced
El Nabila B,8,109.61666666666667,106.5,Crabbet-influenced
Ali Jamaal,4,108.69999999999999,109.7,Polish
Padron,4,108.375,112.0,Egyptian-influenced
Da Valentino,1,107.73333333333333,106.8,Spanish
WH Justice,1,103.46666666666665,104.6,Polish
