HorseID,RegisteredName,Sex,BirthYear,AgeGroup,DataFlag
HA-003,HA Nadir Sundance,Stallion,2024,Junior,Stallion but 2 yrs old (expected 4+)
HA-004,HA Layla Dream,Mare,2023,Young Horse,Mare but 3 yrs old (expected 4+)
HA-005,HA Zafir Golden Star,Stallion,2023,Young Horse,Stallion but 3 yrs old (expected 4+)
HA-008,HA Noor Mirage,Mare,2024,Junior,Mare but 2 yrs old (expected 4+)
HA-010,HA Sahara Desert Rose,Mare,2024,Junior,Mare but 2 yrs old (expected 4+)
HA-013,HA Jasmine Sundance,Mare,2024,Junior,Mare but 2 yrs old (expected 4+)
HA-017,HA Noura Al Jannat,Colt,2022,Young Horse,Colt but 4 yrs old (expected under 4)
HA-019,HA Saffron Golden Star,Filly,2020,Mature,Filly but 6 yrs old (expected under 4)
HA-021,HA Majid Al Jannat,Filly,2020,Mature,Filly but 6 yrs old (expected under 4)
HA-023,HA Rashid Golden Star,Colt,2020,Mature,Colt but 6 yrs old (expected under 4)
HA-024,HA Soraya Amethyst,Colt,2021,Mature,Colt but 5 yrs old (expected under 4)
HA-028,HA Nashira Royal Flame,Colt,2020,Mature,Colt but 6 yrs old (expected under 4)
HA-031,HA Mira Valentino,Colt,2020,Mature,Colt but 6 yrs old (expected under 4)
HA-033,HA Asha Pearl,Stallion,2024,Junior,Stallion but 2 yrs old (expected 4+)
HA-037,HA Selena El Noor,Colt,2022,Young Horse,Colt but 4 yrs old (expected under 4)
HA-038,HA Nasim Pearl,Filly,2020,Mature,Filly but 6 yrs old (expected under 4)
HA-039,HA Leila Royal Flame,Mare,2023,Young Horse,Mare but 3 yrs old (expected 4+)
