HorseID,RegisteredName,BarnName,Sex,BirthYear,AgeGroup,Color,CountryOfFoaling,Sire,Dam,DamSire,PaternalLine,DamLine,FarmGroup,Notes,Age,DataFlag,Type,Head_Neck,Body_Topline,Legs,Movement,Balance,AvgTotal,JudgeSpread,MainStrength,FocusArea,Rank,ScoreTier,SireScore,DamSireScore,MidParentScore
HA-034,HA Rami Royal Flame,Rami,Stallion,2021,Mature,Flea-bitten Grey,USA,Pogrom,Lady Noor HA,Bey Shah,Polish/International,Polish,Breeding Prospect,Needs maturity,5,,19.7,19.333333333333332,18.666666666666668,18.033333333333335,19.7,18.900000000000002,114.33333333333333,2.299999999999997,Type,Legs,1,Elite,112.7,111.5,112.1
HA-040,HA Kairo Marquis,Kairo,Filly,2023,Young Horse,Black,USA,Pogrom,Belle Rose AM,El Nabila B,Polish/International,International,Show String,Good movement,3,,19.033333333333335,18.633333333333336,18.966666666666665,19.03333333333333,19.5,18.766666666666666,113.93333333333334,8.300000000000011,Movement,Head_Neck,2,Elite,112.7,106.5,109.6
HA-009,HA Rayan Dream,Rayan,Colt,2024,Junior,Bay,USA,Pogrom,Lady Amar AM,Versace,Polish/International,Egyptian-influenced,Youth/Amateur,Needs maturity,2,,19.2,19.233333333333334,19.033333333333335,18.166666666666668,19.933333333333334,18.3,113.86666666666667,5.900000000000006,Movement,Legs,3,Elite,112.7,106.3,109.5
HA-001,HA Amira Legacy,Amira,Gelding,2023,Young Horse,Bay,Spain,Pogrom,Rose Amar HA,El Nabila B,Polish/International,Egyptian-influenced,Performance Prospect,Good movement,3,,18.53333333333333,19.033333333333335,19.099999999999998,18.033333333333335,18.933333333333334,19.8,113.43333333333334,1.7999999999999972,Balance,Legs,4,Elite,112.7,106.5,109.6
HA-029,HA Rahma Al Jannat,Rahma,Gelding,2021,Mature,Chestnut,USA,Pogrom,Princess Mirage AM,Ali Jamaal,Polish/International,Domestic,Youth/Amateur,Balanced profile,5,,18.566666666666666,17.966666666666665,19.400000000000002,18.46666666666667,19.7,18.833333333333332,112.93333333333334,5.699999999999989,Movement,Head_Neck,5,Elite,112.7,109.7,111.2
HA-023,HA Rashid Golden Star,Rashid,Colt,2020,Mature,Dark Bay,USA,Cavali by Da Valentio,Lady Valentino HA,Padron,Valentino/International,Egyptian-influenced,Breeding Prospect,Needs maturity,6,Colt but 6 yrs old (expected under 4),18.433333333333334,19.566666666666666,18.466666666666665,18.266666666666666,19.366666666666667,18.7,112.8,2.200000000000003,Head_Neck,Legs,6,Elite,112.8,112.0,112.4
HA-031,HA Mira Valentino,Mira,Colt,2020,Mature,Bay,Brazil,Cavali by Da Valentio,Belle Amar HA,Versace,Valentino/International,International,Performance Prospect,Strong head and neck,6,Colt but 6 yrs old (expected under 4),19.433333333333334,19.099999999999998,18.833333333333332,18.9,17.96666666666667,18.5,112.73333333333333,0.9000000000000057,Type,Movement,7,Elite,112.8,106.3,109.55
HA-017,HA Noura Al Jannat,Noura,Colt,2022,Young Horse,Chestnut,Brazil,Cavali by Da Valentio,Rose Noor AS,Magnum Psyche,Valentino/International,Egyptian-influenced,Foundation Mare,Good movement,4,Colt but 4 yrs old (expected under 4),19.566666666666666,18.266666666666666,18.333333333333332,19.366666666666667,18.433333333333334,18.5,112.46666666666665,6.099999999999994,Type,Head_Neck,8,Elite,112.8,106.5,109.65
HA-004,HA Layla Dream,Layla,Mare,2023,Young Horse,Chestnut,Qatar,Cavali by Da Valentio,Noura Mirage AS,Bey Shah,Valentino/International,Domestic,Youth/Amateur,Scope for conditioning,3,Mare but 3 yrs old (expected 4+),18.866666666666667,18.966666666666665,17.7,18.933333333333334,18.96666666666667,18.7,112.13333333333333,7.799999999999997,Movement,Body_Topline,9,Elite,112.8,111.5,112.15
HA-028,HA Nashira Royal Flame,Nashira,Colt,2020,Mature,Dark Bay,Poland,Cavali by Da Valentio,Amira Qatar AS,Gazal Al Shaqab,Valentino/International,Egyptian-influenced,Show String,Scope for conditioning,6,Colt but 6 yrs old (expected under 4),19.8,18.7,17.7,17.866666666666667,18.933333333333334,19.133333333333333,112.13333333333333,2.0999999999999943,Type,Body_Topline,9,Elite,112.8,107.6,110.19999999999999
HA-016,HA Farid Royal Flame,Farid,Mare,2021,Mature,Bay,Poland,Cavali by Da Valentio,Princess Qatar AS,Gazal Al Shaqab,Valentino/International,Crabbet-influenced,Foundation Mare,Strong head and neck,5,,18.5,19.166666666666668,18.533333333333335,18.333333333333332,19.099999999999998,18.400000000000002,112.03333333333335,6.700000000000003,Head_Neck,Legs,11,Elite,112.8,107.6,110.19999999999999
HA-033,HA Asha Pearl,Asha,Stallion,2024,Junior,Chestnut,Spain,Pogrom,Belle Valentino RA,Marwan Al Shaqab,Polish/International,Polish,Youth/Amateur,Needs maturity,2,Stallion but 2 yrs old (expected 4+),19.099999999999998,17.166666666666668,19.333333333333332,19.0,18.7,18.433333333333334,111.73333333333333,6.300000000000011,Body_Topline,Head_Neck,12,High,112.7,107.2,109.95
HA-006,HA Malika Amethyst,Malika,Gelding,2021,Mature,Black,Poland,Van Gogh AM,Desert Star AS,Gazal Al Shaqab,Brazilian/International,Polish,Breeding Prospect,Scope for conditioning,5,,18.400000000000002,19.2,18.5,18.5,18.233333333333334,18.599999999999998,111.43333333333334,3.5,Head_Neck,Movement,13,High,111.7,107.6,109.65
HA-035,HA Yara Dream,Yara,Stallion,2021,Mature,Flea-bitten Grey,Qatar,Pogrom,Jewel Noor AM,Gazal Al Shaqab,Polish/International,Egyptian-influenced,Youth/Amateur,Good movement,5,,19.099999999999998,18.599999999999998,18.633333333333336,18.166666666666668,18.733333333333334,18.166666666666668,111.39999999999999,2.299999999999997,Type,Legs,14,High,112.7,107.6,110.15
HA-019,HA Saffron Golden Star,Saffron,Filly,2020,Mature,Chestnut,USA,Abha Qatar,Amira Star AS,Magnum Psyche,Qatari/Spanish,Domestic,Performance Prospect,Balanced profile,6,Filly but 6 yrs old (expected under 4),19.166666666666668,18.733333333333334,18.066666666666666,18.633333333333336,18.233333333333334,18.266666666666666,111.10000000000001,3.0999999999999943,Type,Body_Topline,15,High,112.9,106.5,109.7
HA-036,HA Omar Golden Star,Omar,Filly,2023,Young Horse,Dark Bay,USA,Abha Qatar,Princess Hammad HA,Gazal Al Shaqab,Qatari/Spanish,Polish,Performance Prospect,Good movement,3,,18.900000000000002,17.7,17.5,18.0,19.0,19.7,110.8,2.0999999999999943,Balance,Body_Topline,16,High,112.9,107.6,110.25
HA-027,HA Hakim Amethyst,Hakim,Gelding,2024,Junior,Chestnut,Spain,Cavali by Da Valentio,Princess Legacy AS,Bey Shah,Valentino/International,International,Youth/Amateur,Promising overall type,2,,18.666666666666668,18.633333333333333,18.3,17.7,18.666666666666668,18.76666666666667,110.73333333333333,1.2999999999999972,Balance,Legs,17,High,112.8,111.5,112.15
HA-021,HA Majid Al Jannat,Majid,Filly,2020,Mature,Black,Qatar,Van Gogh AM,Amira Star AM,El Nabila B,Brazilian/International,Crabbet-influenced,Performance Prospect,Scope for conditioning,6,Filly but 6 yrs old (expected under 4),19.333333333333332,19.166666666666668,18.066666666666666,18.233333333333334,16.833333333333332,19.0,110.63333333333333,4.0,Type,Movement,18,High,111.7,106.5,109.1
HA-039,HA Leila Royal Flame,Leila,Mare,2023,Young Horse,Grey,USA,Pogrom,Noura Legacy RA,Versace,Polish/International,Domestic,Youth/Amateur,Promising overall type,3,Mare but 3 yrs old (expected 4+),18.8,18.400000000000002,18.233333333333334,18.633333333333333,18.733333333333334,17.833333333333332,110.63333333333333,8.099999999999994,Type,Balance,18,High,112.7,106.3,109.5
HA-030,HA Zayd Royal Flame,Zayd,Filly,2024,Junior,Bay,Qatar,Pogrom,Bint Sahara AS,Gazal Al Shaqab,Polish/International,Polish,Foundation Mare,Promising overall type,2,,17.366666666666667,17.666666666666668,19.2,18.3,19.53333333333333,18.366666666666667,110.43333333333334,4.0,Movement,Type,20,High,112.7,107.6,110.15
HA-026,HA Luna Amethyst,Luna,Mare,2020,Mature,Dark Bay,USA,Abha Qatar,Sultana Qatar HA,Ali Jamaal,Qatari/Spanish,Polish,Performance Prospect,Good movement,6,,18.633333333333333,18.53333333333333,17.066666666666666,18.766666666666666,18.566666666666666,18.833333333333332,110.39999999999999,6.900000000000006,Balance,Body_Topline,21,High,112.9,109.7,111.30000000000001
HA-002,HA Basir Royal Flame,Basir,Colt,2024,Junior,Grey,USA,Pogrom,Sultana Mirage HA,Marwan Al Shaqab,Polish/International,Crabbet-influenced,Breeding Prospect,Good movement,2,,19.03333333333333,16.900000000000002,19.46666666666667,18.7,18.599999999999998,17.666666666666668,110.36666666666667,8.0,Body_Topline,Head_Neck,22,High,112.7,107.2,109.95
HA-024,HA Soraya Amethyst,Soraya,Colt,2021,Mature,Dark Bay,Poland,Titan AS,Bint Rose HA,El Nabila B,American/International,Crabbet-influenced,Performance Prospect,Promising overall type,5,Colt but 5 yrs old (expected under 4),18.2,18.566666666666666,18.033333333333335,17.866666666666667,18.566666666666666,18.933333333333334,110.16666666666667,2.299999999999997,Balance,Legs,23,High,111.3,106.5,108.9
HA-038,HA Nasim Pearl,Nasim,Filly,2020,Mature,Dark Bay,USA,Abha Qatar,Jewel Sahara RA,Magnum Psyche,Qatari/Spanish,Crabbet-influenced,Youth/Amateur,Promising overall type,6,Filly but 6 yrs old (expected under 4),18.466666666666665,19.7,17.666666666666668,18.366666666666667,18.333333333333332,17.599999999999998,110.13333333333333,2.1000000000000085,Head_Neck,Balance,24,High,112.9,106.5,109.7
HA-020,HA Aziza Royal Flame,Aziza,Colt,2024,Junior,Bay,USA,Van Gogh AM,Jewel Valentino RA,Bey Shah,Brazilian/International,Domestic,Breeding Prospect,Needs maturity,2,,18.166666666666668,18.733333333333334,18.166666666666668,18.266666666666666,18.400000000000002,18.233333333333334,109.96666666666665,9.0,Head_Neck,Type,25,High,111.7,111.5,111.6
HA-022,HA Dalia Desert Rose,Dalia,Stallion,2021,Mature,Chestnut,Brazil,Titan AS,Bint Rose HA,Versace,American/International,Egyptian-influenced,Show String,Promising overall type,5,,17.966666666666665,18.166666666666668,18.533333333333335,17.766666666666666,18.366666666666667,18.366666666666667,109.16666666666667,4.5,Body_Topline,Legs,26,High,111.3,106.3,108.8
HA-015,HA Zara Marquis,Zara,Stallion,2020,Mature,Bay,Qatar,Abha Qatar,Sultana Amar AS,Padron,Qatari/Spanish,Polish,Show String,Balanced profile,6,,18.599999999999998,19.233333333333334,17.900000000000002,17.233333333333334,18.0,18.133333333333333,109.10000000000001,1.7000000000000028,Head_Neck,Legs,27,High,112.9,112.0,112.45
HA-005,HA Zafir Golden Star,Zafir,Stallion,2023,Young Horse,Bay,Poland,Van Gogh AM,Jewel Hammad AM,El Nabila B,Brazilian/International,Spanish,Show String,Strong head and neck,3,Stallion but 3 yrs old (expected 4+),18.666666666666668,18.2,18.566666666666666,16.833333333333332,18.366666666666667,17.866666666666667,108.5,4.099999999999994,Type,Legs,28,High,111.7,106.5,109.1
HA-011,HA Amani Moonlight,Amani,Stallion,2020,Mature,Chestnut,USA,Van Gogh AM,Noura Amar HA,Padron,Brazilian/International,Spanish,Foundation Mare,Balanced profile,6,,17.533333333333335,18.666666666666668,18.366666666666664,17.866666666666664,18.733333333333334,16.966666666666665,108.13333333333333,4.199999999999989,Movement,Balance,29,High,111.7,112.0,111.85
HA-025,HA Tariq Legacy,Tariq,Gelding,2021,Mature,Flea-bitten Grey,USA,Van Gogh AM,Princess Mirage AM,El Nabila B,Brazilian/International,Polish,Youth/Amateur,Needs maturity,5,,17.966666666666665,17.933333333333334,17.900000000000002,18.366666666666667,17.599999999999998,18.133333333333333,107.90000000000002,1.0,Legs,Movement,30,High,111.7,106.5,109.1
HA-014,HA Samir Moonlight,Samir,Filly,2024,Junior,Dark Bay,USA,Van Gogh AM,Jewel Legacy RA,Versace,Brazilian/International,Domestic,Performance Prospect,Needs maturity,2,,19.066666666666666,18.400000000000002,18.133333333333336,17.633333333333333,16.366666666666667,18.233333333333334,107.83333333333333,5.6000000000000085,Type,Movement,31,High,111.7,106.3,109.0
HA-003,HA Nadir Sundance,Nadir,Stallion,2024,Junior,Black,Qatar,Abha Qatar,Amira Star AM,Da Valentino,Qatari/Spanish,Spanish,Youth/Amateur,Strong head and neck,2,Stallion but 2 yrs old (expected 4+),18.266666666666666,18.866666666666664,18.133333333333333,17.03333333333333,18.0,17.433333333333334,107.73333333333333,5.3999999999999915,Head_Neck,Legs,32,High,112.9,106.8,109.85
HA-032,HA Kamal Al Jannat,Kamal,Mare,2021,Mature,Bay,Poland,Titan AS,Princess Mirage AS,Magnum Psyche,American/International,Spanish,Performance Prospect,Needs maturity,5,,16.96666666666667,18.266666666666666,18.666666666666668,18.133333333333336,17.366666666666664,17.900000000000002,107.3,4.800000000000011,Body_Topline,Type,33,High,111.3,106.5,108.9
HA-013,HA Jasmine Sundance,Jasmine,Mare,2024,Junior,Dark Bay,Spain,Van Gogh AM,Belle Valentino RA,Ali Jamaal,Brazilian/International,Polish,Youth/Amateur,Promising overall type,2,Mare but 2 yrs old (expected 4+),16.833333333333332,18.5,17.766666666666666,16.866666666666667,18.400000000000002,18.466666666666665,106.83333333333333,3.5,Head_Neck,Type,34,High,111.7,109.7,110.7
HA-037,HA Selena El Noor,Selena,Colt,2022,Young Horse,Flea-bitten Grey,USA,Abha Qatar,Princess Noor HA,El Nabila B,Qatari/Spanish,International,Breeding Prospect,Good movement,4,Colt but 4 yrs old (expected under 4),17.266666666666666,18.5,17.666666666666668,18.633333333333336,17.433333333333334,17.066666666666666,106.56666666666666,6.5,Legs,Balance,35,High,112.9,106.5,109.7
HA-008,HA Noor Mirage,Noor,Mare,2024,Junior,Chestnut,Poland,Abha Qatar,Belle Noor HA,El Nabila B,Qatari/Spanish,Domestic,Performance Prospect,Needs maturity,2,Mare but 2 yrs old (expected 4+),18.03333333333333,18.666666666666668,16.633333333333333,16.900000000000002,17.466666666666665,18.099999999999998,105.8,5.0,Head_Neck,Body_Topline,36,Developing,112.9,106.5,109.7
HA-010,HA Sahara Desert Rose,Sahara,Mare,2024,Junior,Flea-bitten Grey,Poland,Titan AS,Amira Amar AS,Ali Jamaal,American/International,Egyptian-influenced,Youth/Amateur,Scope for conditioning,2,Mare but 2 yrs old (expected 4+),17.533333333333335,16.7,18.2,17.366666666666667,17.266666666666666,17.566666666666666,104.63333333333333,5.5,Body_Topline,Head_Neck,37,Developing,111.3,109.7,110.5
HA-018,HA Khalil Valentino,Khalil,Filly,2024,Junior,Bay,USA,Titan AS,Lady Hammad RA,Versace,American/International,Egyptian-influenced,Breeding Prospect,Strong head and neck,2,,17.333333333333332,16.333333333333332,17.933333333333334,18.0,16.5,18.433333333333334,104.53333333333335,6.300000000000011,Balance,Head_Neck,38,Developing,111.3,106.3,108.8
HA-007,HA Sultan Golden Star,Sultan,Gelding,2023,Young Horse,Black,USA,Titan AS,Sultana Noor AM,WH Justice,American/International,Polish,Performance Prospect,Needs maturity,3,,16.866666666666664,16.066666666666666,18.7,17.53333333333333,17.533333333333335,16.766666666666666,103.46666666666665,8.899999999999991,Body_Topline,Head_Neck,39,Developing,111.3,104.6,107.94999999999999
HA-012,HA Kareem Amethyst,Kareem,Gelding,2024,Junior,Grey,Brazil,Titan AS,Jewel Hammad AS,Padron,American/International,Egyptian-influenced,Show String,Scope for conditioning,2,,17.733333333333334,16.033333333333335,18.0,18.3,16.133333333333336,17.266666666666666,103.46666666666665,0.6000000000000085,Legs,Head_Neck,39,Developing,111.3,112.0,111.65
